siRNA,mRNA,efficacy
A1,BD135193,0.462
A2,BD135193,0.384
A3,BD135193,0.514
A4,BD135193,0.364
A5,BD135193,0.522
A6,BD135193,0.442
A7,BD135193,0.441
A8,BD135193,0.436
A9,BD135193,0.591
A10,BD135193,0.511
A11,BD135193,0.555
A12,BD135193,0.547
A13,BD135193,0.44
A14,BD135193,0.651
A15,BD135193,0.759
A16,BD135193,0.624
A17,BD135193,0.858
A18,BD135193,0.849
A19,BD135193,0.383
A20,BD135193,0.537
A21,BD135193,0.832
A22,BD135193,0.684
A23,BD135193,0.736
A24,BD135193,0.83
A25,BD135193,0.389
A26,BD135193,0.757
A27,BD135193,0.552
A28,BD135193,0.773
A29,BD135193,0.707
A30,BD135193,0.518
A31,BD135193,0.753
A32,BD135193,0.817
A33,BD135193,0.794
A34,BD135193,0.753
A35,BD135193,0.836
A36,BD135193,0.76
A37,BD135193,0.423
A38,BD135193,0.788
A39,BD135193,0.871
A40,BD135193,0.761
A41,BD135193,0.821
A42,BD135193,0.72
A43,BD135193,0.863
A44,BD135193,0.471
A45,BD135193,0.868
A46,BD135193,0.776
A47,BD135193,0.849
A48,BD135193,0.87
A49,BD135193,0.544
A50,BD135193,0.856
A51,BD135193,0.835
A52,BD135193,0.746
A53,BD135193,0.825
A54,BD135193,0.849
A55,BD135193,0.754
A56,BD135193,0.83
A57,BD135193,0.928
A58,BD135193,0.616
A59,BD135193,0.825
A60,BD135193,0.808
A61,BD135193,0.804
A62,BD135193,0.723
A63,BD135193,0.597
A64,BD135193,0.757
A65,BD135193,0.887
A66,BD135193,0.688
A67,BD135193,0.79
A68,NM_004359,0.627
A69,NM_004359,0.69
A70,NM_004359,0.827
A71,NM_004359,0.893
A72,NM_004359,0.372
A73,NM_004359,0.517
A74,NM_004359,0.336
A75,NM_004359,0.268
A76,NM_004359,0.255
A77,NM_004359,0.737
A78,NM_004359,0.59
A79,NM_004359,0.652
A80,NM_004359,0.524
A81,NM_004359,0.534
A82,NM_004359,0.43
A83,NM_004359,0.584
A84,NM_004359,0.349
A85,NM_004359,0.766
A86,NM_004359,0.743
A87,NM_004359,0.565
A88,NM_004359,0.412
A89,NM_004359,0.829
A90,NM_004359,0.364
A91,NM_004359,0.794
A92,NM_004359,0.552
A93,NM_004359,0.459
A94,NM_004359,0.682
A95,NM_004359,0.7
A96,NM_004359,0.232
A97,NM_004359,0.584
A98,NM_004359,0.423
A99,NM_004359,0.813
A100,NM_004359,0.449
A101,NM_004359,0.721
A102,NM_004359,0.722
A103,NM_004359,0.578
A104,NM_004359,0.726
A105,NM_004359,0.393
A106,NM_004359,0.254
A107,NM_004359,0.442
A108,NM_004359,0.251
A109,NM_004359,0.367
A110,NM_004359,0.659
A111,NM_004359,0.449
A112,NM_004359,0.58
A113,NM_004359,0.511
A114,NM_004359,0.298
A115,NM_004359,0.598
A116,NM_004359,0.737
A117,NM_004359,0.417
A118,NM_004359,0.74
A119,NM_004359,0.727
A120,NM_004359,0.643
A121,NM_004359,0.755
A122,NM_004359,0.673
A123,NM_004359,0.443
A124,NM_004359,0.476
A125,NM_003340,0.683
A126,NM_003340,0.924
A127,NM_003340,0.82
A128,NM_003340,0.624
A129,NM_003340,0.862
A130,NM_003340,0.445
A131,NM_003340,0.565
A132,NM_003340,0.958
A133,NM_003340,0.422
A134,NM_003340,0.952
A135,NM_003340,0.945
A136,NM_003340,0.984
A137,NM_003340,0.961
A138,NM_003340,0.236
A139,NM_003340,0.27
A140,NM_003340,0.642
A141,NM_003340,0.306
A142,NM_003340,0.806
A143,NM_003340,0.92
A144,NM_003340,0.897
A145,NM_003340,0.845
A146,NM_003340,0.903
A147,NM_003340,1.002
A148,NM_003340,0.556
A149,NM_003340,0.433
A150,NM_003340,0.981
A151,NM_003340,0.792
A152,NM_003340,0.952
A153,NM_003340,0.996
A154,NM_003340,0.974
A155,NM_003340,0.576
A156,NM_003340,0.32
A157,NM_003340,0.762
A158,NM_003340,0.931
A159,NM_003340,0.488
A160,NM_003340,0.744
A161,NM_003340,0.7
A162,NM_003340,0.833
A163,NM_003340,0.684
A164,NM_003340,0.866
A165,NM_003340,0.83
A166,NM_003340,0.809
A167,NM_003340,0.644
A168,NM_003340,0.945
A169,NM_003340,0.631
A170,NM_003340,0.876
A171,NM_003340,0.949
A172,NM_003340,0.999
A173,NM_003340,0.85
A174,NM_003340,0.623
A175,NM_003340,0.762
A176,NM_003340,0.923
A177,NM_003340,0.554
A178,NM_003340,1.045
A179,NM_003340,0.995
A180,NM_003340,0.8
A181,NM_003340,0.977
A182,NM_003340,0.486
A183,NM_003340,0.444
A184,NM_003340,0.641
A185,NM_003340,0.52
A186,NM_003340,0.352
A187,NM_003340,0.758
A188,NM_003340,0.602
A189,NM_003340,1.003
A190,NM_003340,0.853
A191,NM_003340,0.949
A192,NM_003340,0.907
A193,NM_003340,0.447
A194,NM_003340,0.661
A195,NM_003340,0.95
A196,NM_003340,0.883
A197,NM_003340,0.937
A198,NM_003340,0.329
A199,NM_003340,0.5
A200,NM_003340,1.003
A201,NM_003340,1.015
A202,NM_003340,0.878
A203,NM_003337,0.765
A204,NM_003337,0.616
A205,NM_003337,0.492
A206,NM_003337,0.778
A207,NM_003337,0.827
A208,NM_003337,0.463
A209,NM_003337,0.787
A210,NM_003337,0.836
A211,NM_003337,0.735
A212,NM_003337,0.842
A213,NM_003337,0.84
A214,NM_003337,0.804
A215,NM_003337,0.838
A216,NM_003337,0.775
A217,NM_003337,0.751
A218,NM_003337,0.714
A219,NM_003337,0.712
A220,NM_003337,0.51
A221,NM_003337,0.759
A222,NM_003337,0.687
A223,NM_003337,0.499
A224,NM_003337,0.727
A225,NM_003337,0.743
A226,NM_003337,0.815
A227,NM_003337,0.531
A228,NM_003337,0.624
A229,NM_003337,0.608
A230,NM_003337,0.505
A231,NM_003337,0.847
A232,NM_003337,0.839
A233,NM_003337,0.836
A234,NM_003337,0.744
A235,NM_003337,0.841
A236,NM_003337,0.648
A237,NM_003337,0.863
A238,NM_003337,0.722
A239,NM_003337,0.5
A240,NM_003337,0.772
A241,NM_003337,0.479
A242,NM_003337,0.467
A243,NM_003337,0.635
A244,NM_003337,0.694
A245,NM_003337,0.757
A246,NM_003337,0.626
A247,NM_003337,0.73
A248,NM_003337,0.46
A249,NM_003337,0.635
A250,NM_003337,0.846
A251,NM_003337,0.482
A252,NM_003337,0.697
A253,NM_003337,0.618
A254,NM_003337,0.777
A255,NM_003337,0.801
A256,NM_003337,0.825
A257,NM_003337,0.853
A258,NM_003337,0.637
A259,NM_003337,0.723
A260,NM_003337,0.475
A261,NM_003337,0.467
A262,NM_003337,0.862
A263,NM_003337,0.781
A264,NM_003337,0.798
A265,NM_003337,0.79
A266,NM_003337,0.817
A267,NM_003337,0.532
A268,NM_003337,0.846
A269,NM_003337,0.835
A270,NM_003337,0.55
A271,NM_003337,0.564
A272,NM_003337,0.483
A273,NM_003337,0.508
A274,NM_003337,0.742
A275,NM_003337,0.728
A276,NM_003337,0.618
A277,NM_003337,0.767
A278,NM_003337,0.611
A279,NM_003337,0.455
A280,NM_003337,0.782
A281,NM_003337,0.851
A282,NM_003969,0.581
A283,NM_003969,0.543
A284,NM_003969,0.677
A285,NM_003969,0.612
A286,NM_003969,0.766
A287,NM_003969,0.612
A288,NM_003969,0.676
A289,NM_003969,0.641
A290,NM_003969,0.699
A291,NM_003969,0.671
A292,NM_003969,0.664
A293,NM_003969,0.654
A294,NM_003969,0.659
A295,NM_003969,0.686
A296,NM_003969,0.631
A297,NM_003969,0.628
A298,NM_003969,0.645
A299,NM_003969,0.613
A300,NM_003969,0.561
A301,NM_003969,0.697
A302,NM_003969,0.771
A303,NM_003969,0.802
A304,NM_003969,0.67
A305,NM_003969,0.497
A306,NM_003969,0.822
A307,NM_003969,0.767
A308,NM_003969,0.606
A309,NM_003969,0.685
A310,NM_003969,0.541
A311,NM_003969,0.804
A312,NM_003969,0.795
A313,NM_003969,0.625
A314,NM_003969,0.654
A315,NM_003969,0.797
A316,NM_003969,0.713
A317,NM_003969,0.861
A318,NM_003969,0.618
A319,NM_003969,0.921
A320,NM_003969,0.817
A321,NM_003969,0.738
A322,NM_003969,0.793
A323,NM_003969,0.564
A324,NM_003969,0.699
A325,NM_003969,0.539
A326,NM_003969,0.511
A327,NM_003969,0.851
A328,NM_003969,0.873
A329,NM_003969,0.689
A330,NM_003969,0.759
A331,NM_003969,0.827
A332,NM_003969,0.779
A333,NM_003969,0.803
A334,NM_003969,0.575
A335,NM_003969,0.589
A336,NM_003969,0.767
A337,NM_003969,0.77
A338,NM_003969,0.656
A339,NM_003969,0.793
A340,NM_003969,0.605
A341,NM_003969,0.703
A342,NM_003969,0.718
A343,NM_003969,0.719
A344,NM_003969,0.66
A345,NM_003969,0.564
A346,NM_003969,0.717
A347,NM_003969,0.699
A348,NM_003969,0.517
A349,NM_003969,0.53
A350,NM_003969,0.61
A351,NM_003969,0.589
A352,NM_003969,0.649
A353,NM_003969,0.736
A354,NM_003969,0.53
A355,NM_003969,0.599
A356,NM_003969,0.417
A357,NM_003969,0.594
A358,XM_371822,0.857
A359,XM_371822,0.591
A360,XM_371822,0.538
A361,XM_371822,0.43
A362,XM_371822,0.363
A363,XM_371822,0.433
A364,XM_371822,0.295
A365,XM_371822,0.618
A366,XM_371822,0.82
A367,XM_371822,0.754
A368,XM_371822,0.817
A369,XM_371822,0.55
A370,XM_371822,0.683
A371,XM_371822,0.667
A372,XM_371822,0.797
A373,XM_371822,0.579
A374,XM_371822,0.532
A375,XM_371822,0.65
A376,XM_371822,0.652
A377,XM_371822,0.75
A378,XM_371822,0.824
A379,XM_371822,0.759
A380,XM_371822,0.609
A381,XM_371822,0.724
A382,XM_371822,0.568
A383,XM_371822,0.729
A384,XM_371822,0.49
A385,XM_371822,0.719
A386,XM_371822,0.711
A387,XM_371822,0.627
A388,XM_371822,0.836
A389,XM_371822,0.991
A390,XM_371822,0.651
A391,XM_371822,0.561
A392,XM_371822,0.792
A393,XM_371822,0.595
A394,XM_371822,0.774
A395,XM_371822,0.702
A396,XM_371822,0.68
A397,XM_371822,0.558
A398,XM_371822,0.653
A399,XM_371822,0.627
A400,XM_371822,1.016
A401,XM_371822,0.845
A402,XM_371822,0.723
A403,XM_371822,0.742
A404,XM_371822,0.772
A405,XM_371822,0.422
A406,XM_371822,0.801
A407,XM_371822,0.574
A408,XM_371822,0.494
A409,XM_371822,0.564
A410,XM_371822,0.779
A411,XM_371822,0.916
A412,XM_371822,0.758
A413,XM_371822,0.707
A414,XM_371822,0.617
A415,XM_371822,0.787
A416,XM_371822,0.793
A417,XM_371822,0.768
A418,XM_371822,0.654
A419,XM_371822,0.711
A420,XM_371822,0.758
A421,XM_371822,0.819
A422,XM_371822,0.758
A423,XM_371822,0.699
A424,XM_371822,0.868
A425,XM_371822,0.893
A426,XM_371822,0.247
A427,XM_371822,0.895
A428,XM_371822,0.986
A429,XM_371822,0.695
A430,XM_371822,0.886
A431,XM_371822,0.99
A432,XM_371822,0.564
A433,XM_371822,0.732
A434,XM_371822,0.617
A435,XM_371822,0.127
A436,XM_371822,0.397
A437,XM_371822,0.53
A438,XM_371822,0.52
A439,XM_371822,0.462
A440,XM_371822,0.402
A441,XM_371822,0.505
A442,XM_371822,0.738
A443,XM_371822,0.513
A444,XM_371822,0.67
A445,XM_371822,0
A446,XM_371822,0.397
A447,XM_371822,0.494
A448,XM_371822,0.463
A449,XM_371822,0.576
A450,XM_371822,0.564
A451,XM_371822,0.73
A452,XM_371822,0.589
A453,XM_371822,0.602
A454,XM_371822,0.723
A455,XM_371822,0.595
A456,XM_371822,0.357
A457,XM_371822,0.218
A458,XM_371822,0.468
A459,XM_371822,0.731
A460,XM_371822,0.721
A461,XM_371822,0.749
A462,XM_371822,0.272
A463,XM_371822,0.367
A464,XM_371822,0.727
A465,XM_371822,0.615
A466,XM_371822,0.659
A467,XM_371822,0.68
A468,XM_371822,0.483
A469,XM_371822,0.585
A470,XM_371822,0.687
A471,XM_371822,0.677
A472,XM_371822,0.743
A473,XM_371822,0.584
A474,XM_371822,0.492
A475,XM_371822,0.604
A476,XM_371822,0.661
A477,XM_371822,0.293
A478,XM_371822,0.292
A479,XM_371822,0.259
A480,XM_371822,0.668
A481,XM_371822,0.521
A482,XM_371822,0.725
A483,XM_371822,0.395
A484,XM_371822,0.693
A485,XM_371822,0.72
A486,XM_371822,0.584
A487,XM_371822,0.396
A488,XM_371822,0.702
A489,XM_371822,0.278
A490,XM_371822,0.873
A491,XM_371822,0.739
A492,XM_371822,0.639
A493,XM_371822,0.774
A494,XM_371822,0.758
A495,XM_371822,0.344
A496,XM_371822,0.342
A497,XM_371822,0.438
A498,XM_371822,0.605
A499,XM_371822,0.535
A500,XM_371822,0.651
A501,XM_371822,0.709
A502,XM_371822,0.844
A503,NM_015213,0.221
A504,NM_015213,0.637
A505,NM_015213,0.663
A506,NM_015213,0.607
A507,NM_015213,0.787
A508,NM_015213,0.426
A509,NM_015213,0.719
A510,NM_015213,0.882
A511,NM_015213,0.419
A512,NM_015213,0.705
A513,NM_015213,0.547
A514,NM_015213,0.768
A515,NM_015213,0.474
A516,NM_015213,0.444
A517,NM_015213,0.606
A518,NM_015213,0.419
A519,NM_015213,0.611
A520,NM_015213,0.777
A521,NM_015213,0.409
A522,NM_015213,0.807
A523,NM_015213,0.737
A524,NM_015213,0.705
A525,NM_015213,0.459
A526,NM_015213,0.547
A527,NM_015213,0.49
A528,NM_015213,0.978
A529,NM_015213,0.753
A530,NM_015213,0.719
A531,NM_015213,0.532
A532,NM_015213,0.679
A533,NM_015213,0.492
A534,NM_015213,0.518
A535,NM_015213,0.447
A536,NM_015213,0.371
A537,NM_015213,0.584
A538,NM_015213,0.564
A539,NM_015213,0.447
A540,NM_015213,0.374
A541,NM_015213,0.669
A542,NM_015213,0.506
A543,NM_015213,0.717
A544,NM_015213,0.702
A545,NM_015213,0.523
A546,NM_015213,0.288
A547,NM_015213,0.632
A548,NM_015213,0.39
A549,NM_015213,0.621
A550,NM_015213,0.608
A551,NM_015213,0.683
A552,NM_015213,0.722
A553,NM_015213,0.725
A554,NM_015213,0.576
A555,NM_015213,0.751
A556,NM_015213,0.579
A557,NM_015213,0.908
A558,NM_015213,0.837
A559,NM_015213,0.464
A560,NM_015213,0.73
A561,NM_015213,0.625
A562,NM_015213,0.402
A563,NM_015213,0.497
A564,NM_015213,0.709
A565,NM_015213,0.605
A566,NM_015213,0.618
A567,NM_015213,0.63
A568,NM_015213,0.744
A569,NM_015213,0.666
A570,NM_015213,0.544
A571,NM_015213,0.695
A572,NM_015213,0.578
A573,NM_015213,0.527
A574,NM_015213,0.631
A575,NM_015213,0.467
A576,NM_015213,0.644
A577,NM_015213,0.291
A578,NM_015213,0.67
A579,NM_015213,0.625
A580,NM_015213,0.441
A581,NM_015213,0.658
A582,NM_015213,0.471
A583,NM_015213,0.485
A584,NM_015213,0.693
A585,NM_015213,0.345
A586,NM_015213,0.514
A587,NM_015213,0.479
A588,NM_015213,0.557
A589,NM_015213,0.646
A590,NM_015213,0.46
A591,NM_015213,0.449
A592,NM_015213,0.385
A593,NM_015213,0.424
A594,NM_015213,0.747
A595,NM_015213,0.752
A596,NM_015213,0.662
A597,NM_015213,0.649
A598,NM_015213,0.608
A599,NM_015213,0.598
A600,NM_015213,0.654
A601,NM_015213,0.508
A602,NM_015213,0.436
A603,NM_015213,0.453
A604,NM_015213,0.536
A605,NM_015213,0.5
A606,NM_015213,0.549
A607,NM_015213,0.679
A608,NM_015213,0.487
A609,NM_015213,0.677
A610,NM_015213,0.513
A611,NM_015213,0.537
A612,NM_015213,0.667
A613,NM_015213,0.249
A614,NM_015213,0.742
A615,NM_015213,0.499
A616,NM_015213,0.805
A617,NM_015213,0.829
A618,NM_015213,0.696
A619,NM_015213,0.683
A620,NM_015213,0.563
A621,NM_015213,0.686
A622,NM_015213,0.734
A623,NM_015213,0.559
A624,NM_015213,0.574
A625,NM_015213,0.758
A626,NM_015213,0.547
A627,NM_015213,0.541
A628,NM_015213,0.604
A629,NM_003347,0.639
A630,NM_003347,1.016
A631,NM_003347,0.701
A632,NM_003347,0.613
A633,NM_003347,0.49
A634,NM_003347,0.623
A635,NM_003347,0.6
A636,NM_003347,0.376
A637,NM_003347,0.517
A638,NM_003347,0.463
A639,NM_003347,0.371
A640,NM_003347,0.809
A641,NM_003347,0.775
A642,NM_003347,0.771
A643,NM_003347,0.614
A644,NM_003347,0.873
A645,NM_003347,0.666
A646,NM_003347,0.562
A647,NM_003347,0.846
A648,NM_003347,0.87
A649,NM_003347,0.6
A650,NM_003347,0.417
A651,NM_003347,0.73
A652,NM_003347,0.718
A653,NM_003347,0.828
A654,NM_003347,0.517
A655,NM_003347,0.525
A656,NM_003347,0.91
A657,NM_003347,0.743
A658,NM_003347,0.527
A659,NM_003347,0.32
A660,NM_003347,0.645
A661,NM_003347,0.594
A662,NM_003347,0.57
A663,NM_003347,0.731
A664,NM_003347,0.828
A665,NM_003347,0.501
A666,NM_003347,0.655
A667,NM_003347,0.834
A668,NM_003347,0.659
A669,NM_003347,0.718
A670,NM_003347,0.9
A671,NM_003347,1.099
A672,NM_003347,0.812
A673,NM_003347,0.697
A674,NM_003347,0.794
A675,NM_003347,0.619
A676,NM_003347,0.587
A677,NM_003347,0.753
A678,NM_003347,0.462
A679,NM_003347,0.967
A680,NM_003347,1.115
A681,NM_003347,0.614
A682,NM_003344,0.719
A683,NM_003344,0.772
A684,NM_003344,0.65
A685,NM_003344,0.747
A686,NM_003344,0.985
A687,NM_003344,0.919
A688,NM_003344,0.668
A689,NM_003344,0.719
A690,NM_003344,0.776
A691,NM_003344,0.705
A692,NM_003344,0.786
A693,NM_003344,0.931
A694,NM_003344,0.951
A695,NM_003344,0.777
A696,NM_003344,1.039
A697,NM_003344,0.864
A698,NM_003344,0.825
A699,NM_003344,0.957
A700,NM_003344,0.614
A701,NM_003344,0.553
A702,NM_003344,0.91
A703,NM_003344,0.866
A704,NM_003344,0.494
A705,NM_003344,0.669
A706,NM_003344,0.502
A707,NM_003344,0.362
A708,NM_003344,0.666
A709,NM_003344,0.482
A710,NM_003344,0.416
A711,NM_003344,0.842
A712,NM_003344,0.486
A713,NM_003344,0.783
A714,NM_003344,0.684
A715,NM_003344,1.1
A716,NM_003344,0.958
A717,NM_003344,0.81
A718,NM_003344,0.86
A719,NM_003344,0.465
A720,NM_003344,1.058
A721,NM_003344,0.984
A722,NM_003344,1.001
A723,NM_003344,0.999
A724,NM_003344,0.64
A725,NM_003344,1.064
A726,NM_003344,0.679
A727,NM_003344,0.953
A728,NM_003344,0.964
A729,NM_003344,0.992
A730,NM_003344,1.016
A731,NM_003344,0.779
A732,NM_003344,1.084
A733,NM_003344,0.642
A734,NM_003344,0.5
A735,NM_003344,0.836
A736,NM_003344,1.016
A737,NM_003344,0.678
A738,NM_003344,0.995
A739,NM_003344,0.34
A740,NM_003344,0.917
A741,NM_003344,0.638
A742,NM_003344,0.955
A743,NM_003344,0.756
A744,NM_003344,0.967
A745,NM_003344,0.841
A746,NM_003344,0.573
A747,NM_003344,0.777
A748,NM_003344,0.98
A749,NM_003344,0.711
A750,NM_003344,0.702
A751,NM_003344,0.715
A752,NM_003345,0.929
A753,NM_003345,0.678
A754,NM_003345,0.838
A755,NM_003345,0.895
A756,NM_003345,0.758
A757,NM_003345,0.839
A758,NM_003345,0.489
A759,NM_003345,0.888
A760,NM_003345,0.521
A761,NM_003345,0.719
A762,NM_003345,0.904
A763,NM_003345,0.744
A764,NM_003345,0.874
A765,NM_003345,0.601
A766,NM_003345,0.56
A767,NM_003345,0.859
A768,NM_003345,0.705
A769,NM_003345,0.76
A770,NM_003345,0.801
A771,NM_003345,0.592
A772,NM_003345,0.478
A773,NM_003345,0.511
A774,NM_003345,0.596
A775,NM_003345,0.451
A776,NM_003345,0.496
A777,NM_003345,0.789
A778,NM_003345,0.883
A779,NM_003345,0.591
A780,NM_003345,0.81
A781,NM_003345,0.892
A782,NM_003345,0.75
A783,NM_003345,0.539
A784,NM_003345,0.864
A785,NM_003345,0.59
A786,NM_003345,0.527
A787,NM_003345,0.652
A788,NM_003345,0.873
A789,NM_003345,0.502
A790,NM_003345,0.681
A791,NM_003345,0.922
A792,NM_003345,0.732
A793,NM_003345,0.825
A794,NM_003345,0.78
A795,NM_003345,0.524
A796,NM_003345,0.721
A797,NM_003345,0.893
A798,NM_003345,0.631
A799,NM_003345,0.456
A800,NM_003345,0.531
A801,NM_003345,0.549
A802,NM_003345,0.839
A803,NM_003345,0.726
A804,NM_003345,0.722
A805,NM_003345,0.588
A806,NM_003345,0.345
A807,NM_003345,0.782
A808,NM_003345,0.844
A809,NM_003345,0.818
A810,NM_003345,0.55
A811,NM_003345,0.488
A812,NM_003345,0.516
A813,NM_003345,0.569
A814,NM_003345,0.854
A815,NM_003345,0.798
A816,NM_014501,0.824
A817,NM_014501,0.713
A818,NM_014501,0.572
A819,NM_014501,0.457
A820,NM_014501,0.428
A821,NM_014501,0.45
A822,NM_014501,0.44
A823,NM_014501,0.494
A824,NM_014501,0.585
A825,NM_014501,0.579
A826,NM_014501,0.43
A827,NM_014501,0.415
A828,NM_014501,0.43
A829,NM_014501,0.364
A830,NM_014501,0.491
A831,NM_014501,0.42
A832,NM_014501,0.548
A833,NM_014501,0.701
A834,NM_014501,0.55
A835,NM_014501,0.47
A836,NM_014501,0.498
A837,NM_014501,0.534
A838,NM_014501,0.567
A839,NM_014501,0.4
A840,NM_014501,0.563
A841,NM_014501,0.778
A842,NM_014501,0.707
A843,NM_014501,0.76
A844,NM_014501,0.694
A845,NM_014501,0.443
A846,NM_014501,0.485
A847,NM_014501,0.715
A848,NM_014501,0.706
A849,NM_014501,0.395
A850,NM_014501,0.394
A851,NM_014501,0.557
A852,NM_014501,0.635
A853,NM_014501,0.593
A854,NM_014501,0.855
A855,NM_014501,0.523
A856,NM_014501,0.631
A857,NM_014501,0.745
A858,NM_014501,0.678
A859,NM_014501,0.856
A860,NM_014501,0.544
A861,NM_014501,0.449
A862,NM_014501,0.316
A863,NM_014501,0.604
A864,NM_014501,0.917
A865,NM_014501,0.815
A866,NM_014501,0.547
A867,NM_014501,0.489
A868,NM_014501,0.463
A869,NM_014501,0.552
A870,NM_014501,0.404
A871,NM_014501,0.539
A872,NM_014501,0.54
A873,NM_014501,0.423
A874,NM_014501,0.585
A875,NM_014501,0.499
A876,NM_014501,0.365
A877,NM_014501,0.252
A878,NM_014501,0.465
A879,NM_014501,0.446
A880,NM_014501,0.359
A881,NM_014501,0.451
A882,NM_014501,0.54
A883,NM_014501,0.357
A884,NM_014501,0.416
A885,NM_014501,0.339
A886,NM_014501,0.53
A887,NM_014501,0.573
A888,NM_014501,0.565
A889,NM_014501,0.664
A890,NM_014501,0.472
A891,NM_014501,0.617
A892,NM_014501,0.515
A893,NM_014501,0.436
A894,NM_014501,0.887
A895,NM_004223,0.611
A896,NM_004223,0.553
A897,NM_004223,0.626
A898,NM_004223,0.599
A899,NM_004223,0.516
A900,NM_004223,0.577
A901,NM_004223,1.077
A902,NM_004223,0.978
A903,NM_004223,0.854
A904,NM_004223,0.548
A905,NM_004223,0.796
A906,NM_004223,0.586
A907,NM_004223,0.438
A908,NM_004223,0.805
A909,NM_004223,0.716
A910,NM_004223,0.818
A911,NM_004223,0.597
A912,NM_004223,0.559
A913,NM_004223,0.601
A914,NM_004223,0.5
A915,NM_004223,0.899
A916,NM_004223,0.59
A917,NM_004223,0.691
A918,NM_004223,0.482
A919,NM_004223,0.742
A920,NM_004223,0.318
A921,NM_004223,0.896
A922,NM_004223,0.777
A923,NM_004223,0.778
A924,NM_004223,0.749
A925,NM_004223,0.829
A926,NM_004223,0.657
A927,NM_004223,0.613
A928,NM_004223,0.74
A929,NM_004223,0.713
A930,NM_004223,0.676
A931,NM_004223,0.649
A932,NM_004223,0.374
A933,NM_004223,0.53
A934,NM_004223,0.908
A935,NM_004223,0.436
A936,NM_004223,0.458
A937,NM_004223,0.51
A938,NM_004223,0.859
A939,NM_004223,0.952
A940,NM_004223,0.867
A941,NM_004223,0.712
A942,NM_004223,0.537
A943,NM_004223,0.846
A944,NM_004223,0.43
A945,NM_004223,0.381
A946,NM_004223,0.523
A947,NM_004223,0.709
A948,NM_004223,0.516
A949,NM_004223,0.698
A950,NM_004223,0.64
A951,NM_004223,0.556
A952,NM_004223,0.635
A953,NM_004223,0.495
A954,NM_004223,0.799
A955,NM_004223,0.737
A956,NM_004223,0.625
A957,NM_004223,0.969
A958,NM_004223,0.895
A959,NM_004223,0.742
A960,NM_004223,0.971
A961,NM_004223,1.072
A962,NM_004223,0.873
A963,NM_004223,0.776
A964,NM_004223,0.761
A965,NM_004223,0.738
A966,NM_004223,0.883
A967,NM_016406,0.691
A968,NM_016406,0.93
A969,NM_016406,0.863
A970,NM_016406,1.071
A971,NM_016406,0.732
A972,NM_016406,0.81
A973,NM_016406,0.714
A974,NM_016406,0.485
A975,NM_016406,0.352
A976,NM_016406,0.605
A977,NM_016406,0.699
A978,NM_016406,0.538
A979,NM_016406,0.538
A980,NM_016406,0.617
A981,NM_016406,0.679
A982,NM_016406,0.772
A983,NM_016406,0.569
A984,NM_016406,0.988
A985,NM_016406,1.06
A986,NM_016406,1.227
A987,NM_016406,0.657
A988,NM_016406,1.173
A989,NM_016406,0.999
A990,NM_016406,0.623
A991,NM_016406,1.081
A992,NM_016406,0.501
A993,NM_016406,1.126
A994,NM_016406,0.699
A995,NM_016406,1.026
A996,NM_016406,1.201
A997,NM_016406,0.801
A998,NM_016406,0.616
A999,NM_016406,0.617
A1000,NM_016406,0.449
A1001,NM_016406,0.522
A1002,NM_016406,0.782
A1003,NM_016406,0.692
A1004,NM_016406,1.146
A1005,NM_016406,0.957
A1006,NM_016406,1.216
A1007,NM_016406,0.669
A1008,NM_016406,0.753
A1009,NM_016406,0.435
A1010,NM_016406,0.96
A1011,NM_016406,0.314
A1012,NM_016406,0.568
A1013,NM_016406,0.977
A1014,NM_016406,0.322
A1015,NM_016406,0.618
A1016,NM_016406,0.835
A1017,NM_016406,0.663
A1018,NM_016406,0.719
A1019,NM_016406,0.761
A1020,NM_016406,0.78
A1021,NM_016406,0.433
A1022,NM_016406,0.864
A1023,NM_016406,0.689
A1024,NM_016406,0.723
A1025,NM_016406,0.784
A1026,NM_016406,0.746
A1027,NM_016406,0.788
A1028,NM_016406,0.889
A1029,NM_016406,0.991
A1030,NM_016406,0.752
A1031,NM_016406,1.066
A1032,NM_016406,0.931
A1033,NM_016406,1.005
A1034,NM_016406,0.859
A1035,NM_016406,0.804
A1036,NM_016406,0.566
A1037,NM_014176,1.016
A1038,NM_014176,1.06
A1039,NM_014176,0.919
A1040,NM_014176,0.655
A1041,NM_014176,0.83
A1042,NM_014176,1.08
A1043,NM_014176,0.803
A1044,NM_014176,0.635
A1045,NM_014176,0.97
A1046,NM_014176,1.01
A1047,NM_014176,0.994
A1048,NM_014176,0.859
A1049,NM_014176,1.13
A1050,NM_014176,0.916
A1051,NM_014176,0.951
A1052,NM_014176,0.738
A1053,NM_014176,0.971
A1054,NM_014176,0.775
A1055,NM_014176,0.95
A1056,NM_014176,0.76
A1057,NM_014176,0.859
A1058,NM_014176,1.14
A1059,NM_014176,0.756
A1060,NM_014176,0.835
A1061,NM_014176,0.912
A1062,NM_014176,1.007
A1063,NM_014176,0.527
A1064,NM_014176,1.045
A1065,NM_014176,0.794
A1066,NM_014176,0.492
A1067,NM_014176,1.145
A1068,NM_014176,0.848
A1069,NM_014176,1.026
A1070,NM_014176,1.062
A1071,NM_014176,0.804
A1072,NM_014176,0.656
A1073,NM_014176,0.605
A1074,NM_014176,0.849
A1075,NM_014176,0.438
A1076,NM_014176,0.685
A1077,NM_014176,0.533
A1078,NM_014176,0.719
A1079,NM_014176,0.808
A1080,NM_014176,0.75
A1081,NM_014176,0.799
A1082,NM_014176,0.961
A1083,NM_014176,0.878
A1084,NM_014176,0.954
A1085,NM_014176,0.674
A1086,NM_014176,1.013
A1087,NM_014176,1.071
A1088,NM_014176,0.568
A1089,NM_014176,1.068
A1090,NM_014176,1.093
A1091,NM_014176,1.004
A1092,NM_014176,1.051
A1093,NM_014176,0.565
A1094,NM_014176,0.631
A1095,NM_014176,0.874
A1096,NM_014176,0.785
A1097,NM_014176,1.141
A1098,NM_014176,0.754
A1099,NM_014176,0.794
A1100,NM_014176,0.899
A1101,NM_014176,0.925
A1102,NM_014176,0.747
A1103,NM_014176,0.574
A1104,NM_014176,0.871
A1105,NM_014176,0.9
A1106,NM_014176,0.716
A1107,NM_014176,1.021
A1108,NM_014176,1.008
A1109,NM_014176,0.953
A1110,NM_014176,0.632
A1111,NM_014176,0.758
A1112,NM_014176,0.873
A1113,NM_014176,0.908
A1114,NM_001001481,1.013
A1115,NM_001001481,1.057
A1116,NM_001001481,1.146
A1117,NM_001001481,1.039
A1118,NM_001001481,1.252
A1119,NM_001001481,0.887
A1120,NM_001001481,0.967
A1121,NM_001001481,0.964
A1122,NM_001001481,0.827
A1123,NM_001001481,1.098
A1124,NM_001001481,1.121
A1125,NM_001001481,1.03
A1126,NM_001001481,1.103
A1127,NM_001001481,0.675
A1128,NM_001001481,0.932
A1129,NM_001001481,0.848
A1130,NM_001001481,1.07
A1131,NM_001001481,1.042
A1132,NM_001001481,0.85
A1133,NM_001001481,1.215
A1134,NM_001001481,1.088
A1135,NM_001001481,0.931
A1136,NM_001001481,0.805
A1137,NM_001001481,0.884
A1138,NM_001001481,0.647
A1139,NM_001001481,0.733
A1140,NM_001001481,0.641
A1141,NM_001001481,0.839
A1142,NM_001001481,0.662
A1143,NM_001001481,0.966
A1144,NM_001001481,0.859
A1145,NM_001001481,0.962
A1146,NM_001001481,1.043
A1147,NM_001001481,0.788
A1148,NM_001001481,1.054
A1149,NM_001001481,1.126
A1150,NM_001001481,1.083
A1151,NM_001001481,0.73
A1152,NM_001001481,1.04
A1153,NM_001001481,0.535
A1154,NM_001001481,0.82
A1155,NM_001001481,1.151
A1156,NM_001001481,1.078
A1157,NM_001001481,0.944
A1158,NM_001001481,0.912
A1159,NM_001001481,1.032
A1160,NM_001001481,0.95
A1161,NM_001001481,0.784
A1162,NM_001001481,0.857
A1163,NM_001001481,0.747
A1164,NM_001001481,0.814
A1165,NM_001001481,1.235
A1166,NM_001001481,0.799
A1167,NM_001001481,0.88
A1168,NM_001001481,0.835
A1169,NM_001001481,0.961
A1170,NM_001001481,0.975
A1171,NM_001001481,1.111
A1172,NM_001001481,0.78
A1173,NM_001001481,0.932
A1174,NM_001001481,0.861
A1175,NM_001001481,0.949
A1176,NM_001001481,0.389
A1177,NM_001001481,1.104
A1178,NM_001001481,1.152
A1179,NM_001001481,0.993
A1180,NM_001001481,0.926
A1181,NM_001001481,1.118
A1182,NM_001001481,0.768
A1183,NM_001001481,0.736
A1184,NM_001001481,1.091
A1185,NM_001001481,1.135
A1186,NM_001001481,1.156
A1187,NM_001001481,0.75
A1188,NM_001001481,0.689
A1189,NM_001001481,0.964
A1190,NM_001001481,1.003
A1191,NM_001001481,0.993
A1192,NM_016021,1.1
A1193,NM_016021,0.916
A1194,NM_016021,0.959
A1195,NM_016021,0.988
A1196,NM_016021,0.764
A1197,NM_016021,0.624
A1198,NM_016021,0.834
A1199,NM_016021,0.558
A1200,NM_016021,0.76
A1201,NM_016021,0.731
A1202,NM_016021,0.788
A1203,NM_016021,0.474
A1204,NM_016021,0.353
A1205,NM_016021,0.785
A1206,NM_016021,0.479
A1207,NM_016021,0.562
A1208,NM_016021,0.751
A1209,NM_016021,0.476
A1210,NM_016021,0.675
A1211,NM_016021,0.887
A1212,NM_016021,0.753
A1213,NM_016021,0.796
A1214,NM_016021,0.605
A1215,NM_016021,0.544
A1216,NM_016021,0.56
A1217,NM_016021,0.567
A1218,NM_016021,0.731
A1219,NM_016021,0.504
A1220,NM_016021,0.705
A1221,NM_016021,0.552
A1222,NM_016021,0.707
A1223,NM_016021,0.61
A1224,NM_016021,0.417
A1225,NM_016021,0.287
A1226,NM_016021,0.547
A1227,NM_016021,0.748
A1228,NM_016021,0.914
A1229,NM_016021,0.647
A1230,NM_016021,0.641
A1231,NM_016021,0.726
A1232,NM_016021,0.56
A1233,NM_016021,0.563
A1234,NM_016021,0.463
A1235,NM_016021,0.84
A1236,NM_016021,0.681
A1237,NM_016021,0.536
A1238,NM_016021,0.518
A1239,NM_016021,0.48
A1240,NM_016021,0.552
A1241,NM_005339,0.646
A1242,NM_005339,0.766
A1243,NM_005339,0.927
A1244,NM_005339,0.738
A1245,NM_005339,0.661
A1246,NM_005339,0.739
A1247,NM_005339,0.701
A1248,NM_005339,0.778
A1249,NM_005339,0.879
A1250,NM_005339,0.921
A1251,NM_005339,0.874
A1252,NM_005339,0.655
A1253,NM_005339,0.921
A1254,NM_005339,0.93
A1255,NM_005339,0.899
A1256,NM_005339,0.676
A1257,NM_005339,0.68
A1258,NM_005339,0.667
A1259,NM_005339,0.749
A1260,NM_005339,0.825
A1261,NM_005339,0.818
A1262,NM_005339,0.85
A1263,NM_005339,0.62
A1264,NM_005339,0.854
A1265,NM_005339,0.892
A1266,NM_005339,0.633
A1267,NM_005339,0.857
A1268,NM_005339,0.871
A1269,NM_005339,0.474
A1270,NM_005339,0.576
A1271,NM_005339,0.442
A1272,NM_005339,0.484
A1273,NM_005339,0.573
A1274,NM_005339,0.792
A1275,NM_005339,0.871
A1276,NM_005339,0.587
A1277,NM_005339,0.789
A1278,NM_005339,0.812
A1279,NM_005339,0.71
A1280,NM_005339,0.555
A1281,NM_005339,0.749
A1282,NM_005339,0.532
A1283,NM_005339,0.616
A1284,NM_005339,0.673
A1285,NM_005339,0.76
A1286,NM_005339,0.812
A1287,NM_005339,0.897
A1288,NM_005339,0.73
A1289,NM_005339,0.723
A1290,NM_005339,0.724
A1291,NM_005339,0.763
A1292,NM_005339,0.785
A1293,NM_005339,0.793
A1294,NM_005339,0.754
A1295,NM_005339,0.681
A1296,NM_005339,0.827
A1297,NM_005339,0.695
A1298,NM_005339,0.642
A1299,NM_005339,0.81
A1300,NM_005339,0.728
A1301,NM_005339,0.739
A1302,NM_005339,0.669
A1303,NM_005339,0.746
A1304,NM_005339,0.698
A1305,NM_005339,0.561
A1306,NM_005339,0.654
A1307,NM_005339,0.694
A1308,NM_005339,0.548
A1309,NM_005339,0.742
A1310,NM_005339,0.476
A1311,NM_005339,0.895
A1312,NM_005339,0.551
A1313,NM_005339,0.913
A1314,NM_005339,0.844
A1315,NM_005339,0.813
A1316,NM_005339,0.857
A1317,NM_005339,0.882
A1318,NM_005339,0.889
A1319,NM_005339,0.458
A1320,NM_053656,0.531
A1321,NM_053656,0.517
A1322,NM_053656,0.52
A1323,NM_053656,0.522
A1324,NM_053656,0.468
A1325,NM_053656,0.427
A1326,NM_053656,0.674
A1327,NM_053656,0.608
A1328,NM_053656,0.512
A1329,NM_053656,0.447
A1330,NM_053656,0.464
A1331,NM_053656,0.646
A1332,NM_053656,0.37
A1333,NM_053656,0.539
A1334,NM_053656,0.671
A1335,NM_053656,0.886
A1336,NM_053656,0.766
A1337,NM_053656,0.475
A1338,NM_053656,0.385
A1339,NM_053656,0.57
A1340,NM_053656,0.431
A1341,NM_053656,0.397
A1342,NM_053656,0.726
A1343,NM_053656,0.515
A1344,NM_053656,0.574
A1345,NM_053656,0.76
A1346,NM_053656,0.647
A1347,NM_053656,0.436
A1348,NM_053656,0.506
A1349,NM_053656,0.768
A1350,NM_053656,0.567
A1351,NM_053656,0.57
A1352,NM_053656,0.619
A1353,NM_053656,0.809
A1354,NM_053656,0.386
A1355,NM_053656,0.703
A1356,NM_053656,0.337
A1357,NM_053656,0.59
A1358,NM_053656,0.617
A1359,NM_053656,0.323
A1360,NM_053656,0.614
A1361,NM_053656,0.649
A1362,NM_053656,0.813
A1363,NM_053656,0.723
A1364,NM_053656,0.728
A1365,NM_053656,0.628
A1366,NM_053656,0.537
A1367,NM_053656,0.236
A1368,NM_053656,0.403
A1369,NM_053656,0.335
A1370,NM_053656,0.484
A1371,NM_053656,0.687
A1372,NM_053656,0.55
A1373,NM_053656,0.66
A1374,NM_053656,0.644
A1375,NM_053656,0.552
A1376,NM_053656,0.353
A1377,NM_053656,0.794
A1378,NM_053656,0.423
A1379,NM_053656,0.517
A1380,NM_053656,0.504
A1381,NM_053656,0.768
A1382,NM_053656,0.785
A1383,NM_053656,0.784
A1384,NM_053656,0.349
A1385,NM_053656,0.695
A1386,NM_053656,0.646
A1387,NM_053656,0.662
A1388,NM_053656,0.715
A1389,NM_053656,0.542
A1390,NM_053656,0.495
A1391,NM_053656,0.605
A1392,NM_053656,0.805
A1393,NM_053656,0.742
A1394,NM_053656,0.852
A1395,NM_053656,0.613
A1396,NM_053656,0.693
A1397,NM_003348,0.738
A1398,NM_003348,1.003
A1399,NM_003348,0.918
A1400,NM_003348,0.953
A1401,NM_003348,0.904
A1402,NM_003348,0.602
A1403,NM_003348,0.917
A1404,NM_003348,0.611
A1405,NM_003348,0.903
A1406,NM_003348,0.841
A1407,NM_003348,0.775
A1408,NM_003348,0.94
A1409,NM_003348,0.854
A1410,NM_003348,0.78
A1411,NM_003348,0.439
A1412,NM_003348,0.402
A1413,NM_003348,0.432
A1414,NM_003348,0.642
A1415,NM_003348,0.498
A1416,NM_003348,0.342
A1417,NM_003348,0.302
A1418,NM_003348,0.779
A1419,NM_003348,0.613
A1420,NM_003348,0.702
A1421,NM_003348,0.859
A1422,NM_003348,0.784
A1423,NM_003348,0.587
A1424,NM_003348,0.635
A1425,NM_003348,0.542
A1426,NM_003348,0.863
A1427,NM_003348,0.622
A1428,NM_003348,0.594
A1429,NM_003348,0.482
A1430,NM_003348,0.345
A1431,NM_003348,0.355
A1432,NM_003348,0.571
A1433,NM_003348,0.806
A1434,NM_003348,0.856
A1435,NM_003348,0.759
A1436,NM_003348,0.528
A1437,NM_003348,0.94
A1438,NM_003348,0.938
A1439,NM_003348,0.694
A1440,NM_003348,0.464
A1441,NM_003348,0.492
A1442,NM_003348,0.816
A1443,NM_003348,1
A1444,NM_003348,0.921
A1445,NM_003348,0.795
A1446,NM_003348,0.64
A1447,NM_003348,0.447
A1448,NM_003348,0.369
A1449,NM_003348,0.83
A1450,NM_003348,0.875
A1451,NM_003348,0.848
A1452,NM_003348,0.961
A1453,NM_003348,0.436
A1454,NM_003348,0.299
A1455,NM_003348,0.872
A1456,NM_003348,0.706
A1457,NM_003348,0.502
A1458,NM_003348,0.541
A1459,NM_003348,0.471
A1460,NM_003348,0.506
A1461,NM_003348,0.395
A1462,NM_003348,0.398
A1463,NM_003348,0.471
A1464,NM_003348,0.624
A1465,NM_003348,0.871
A1466,NM_003348,0.658
A1467,NM_003348,0.826
A1468,NM_003348,0.883
A1469,NM_003348,0.847
A1470,NM_003348,0.816
A1471,NM_003348,0.782
A1472,NM_003348,0.614
A1473,NM_003348,0.974
A1474,NM_003348,0.36
A1475,NM_003348,0.607
A1476,NM_003342,0.943
A1477,NM_003342,0.79
A1478,NM_003342,0.939
A1479,NM_003342,0.435
A1480,NM_003342,0.564
A1481,NM_003342,0.742
A1482,NM_003342,1.02
A1483,NM_003342,0.859
A1484,NM_003342,0.727
A1485,NM_003342,0.638
A1486,NM_003342,0.344
A1487,NM_003342,1.042
A1488,NM_003342,0.935
A1489,NM_003342,0.975
A1490,NM_003342,0.939
A1491,NM_003342,0.811
A1492,NM_003342,0.719
A1493,NM_003342,0.898
A1494,NM_003342,0.61
A1495,NM_003342,0.476
A1496,NM_003342,0.54
A1497,NM_003342,0.785
A1498,NM_003342,0.654
A1499,NM_003342,0.669
A1500,NM_003342,0.544
A1501,NM_003342,0.893
A1502,NM_003342,0.861
A1503,NM_003342,0.853
A1504,NM_003342,0.412
A1505,NM_003342,0.621
A1506,NM_003342,0.629
A1507,NM_003342,0.64
A1508,NM_003342,0.425
A1509,NM_003342,0.378
A1510,NM_003342,0.359
A1511,NM_003342,0.326
A1512,NM_003342,0.359
A1513,NM_003342,0.493
A1514,NM_003342,0.392
A1515,NM_003342,0.318
A1516,NM_003342,0.693
A1517,NM_003342,0.877
A1518,NM_003342,0.55
A1519,NM_003342,0.786
A1520,NM_003342,0.76
A1521,NM_003342,0.764
A1522,NM_003342,0.295
A1523,NM_003342,0.748
A1524,NM_003342,0.947
A1525,NM_003342,0.85
A1526,NM_003342,0.731
A1527,NM_003342,0.734
A1528,NM_003342,0.734
A1529,NM_003342,0.501
A1530,NM_003342,0.616
A1531,NM_003342,0.696
A1532,NM_003342,0.879
A1533,NM_003342,0.395
A1534,NM_003342,0.624
A1535,NM_003342,0.847
A1536,NM_003342,0.842
A1537,NM_003342,0.66
A1538,NM_003342,0.787
A1539,NM_003342,0.752
A1540,NM_003342,0.361
A1541,NM_003342,0.447
A1542,NM_003342,0.876
A1543,NM_003342,0.71
A1544,NM_003342,0.931
A1545,NM_003342,0.683
A1546,NM_003342,0.677
A1547,NM_003342,0.867
A1548,NM_003342,1.032
A1549,NM_003342,0.405
A1550,NM_003342,0.975
A1551,NM_003342,0.606
A1552,NM_003342,0.517
A1553,NM_003342,0.833
A1554,NM_003342,0.654
A1555,NM_006357,0.552
A1556,NM_006357,0.78
A1557,NM_006357,0.769
A1558,NM_006357,0.888
A1559,NM_006357,0.871
A1560,NM_006357,0.909
A1561,NM_006357,0.887
A1562,NM_006357,0.598
A1563,NM_006357,0.758
A1564,NM_006357,0.563
A1565,NM_006357,0.711
A1566,NM_006357,0.503
A1567,NM_006357,0.478
A1568,NM_006357,0.452
A1569,NM_006357,0.86
A1570,NM_006357,0.734
A1571,NM_006357,0.948
A1572,NM_006357,0.924
A1573,NM_006357,0.343
A1574,NM_006357,0.567
A1575,NM_006357,0.692
A1576,NM_006357,0.72
A1577,NM_006357,0.438
A1578,NM_006357,0.589
A1579,NM_006357,0.438
A1580,NM_006357,0.756
A1581,NM_006357,0.49
A1582,NM_006357,0.834
A1583,NM_006357,0.585
A1584,NM_006357,0.747
A1585,NM_006357,0.705
A1586,NM_006357,0.699
A1587,NM_006357,0.661
A1588,NM_006357,0.697
A1589,NM_006357,0.734
A1590,NM_006357,0.425
A1591,NM_006357,0.492
A1592,NM_006357,0.914
A1593,NM_006357,0.507
A1594,NM_006357,0.588
A1595,NM_006357,0.642
A1596,NM_006357,0.287
A1597,NM_006357,0.382
A1598,NM_006357,0.576
A1599,NM_006357,0.688
A1600,NM_006357,0.501
A1601,NM_006357,0.368
A1602,NM_006357,0.684
A1603,NM_006357,0.595
A1604,NM_006357,0.528
A1605,NM_006357,0.905
A1606,NM_006357,0.758
A1607,NM_006357,0.52
A1608,NM_006357,0.672
A1609,NM_006357,0.732
A1610,NM_006357,0.473
A1611,NM_006357,0.511
A1612,NM_006357,0.343
A1613,NM_006357,0.626
A1614,NM_006357,0.816
A1615,NM_006357,0.82
A1616,NM_006357,0.805
A1617,NM_006357,0.885
A1618,NM_006357,0.874
A1619,NM_006357,0.423
A1620,NM_006357,0.712
A1621,NM_006357,0.815
A1622,NM_006357,0.828
A1623,NM_006357,0.359
A1624,NM_006357,0.524
A1625,NM_006357,0.698
A1626,NM_006357,0.842
A1627,NM_006357,0.901
A1628,NM_006357,0.321
A1629,NM_006357,0.893
A1630,NM_006357,0.89
A1631,NM_006357,0.692
A1632,NM_006357,0.547
A1633,NM_006357,0.53
A1634,NM_021988,0.552
A1635,NM_021988,0.466
A1636,NM_021988,0.753
A1637,NM_021988,0.951
A1638,NM_021988,0.945
A1639,NM_021988,0.788
A1640,NM_021988,0.841
A1641,NM_021988,0.826
A1642,NM_021988,0.519
A1643,NM_021988,0.715
A1644,NM_021988,0.898
A1645,NM_021988,0.47
A1646,NM_021988,0.777
A1647,NM_021988,0.49
A1648,NM_021988,0.7
A1649,NM_021988,0.9
A1650,NM_021988,0.82
A1651,NM_021988,0.897
A1652,NM_021988,0.63
A1653,NM_021988,0.714
A1654,NM_021988,0.875
A1655,NM_021988,0.921
A1656,NM_021988,0.909
A1657,NM_021988,0.903
A1658,NM_021988,0.844
A1659,NM_021988,0.841
A1660,NM_021988,0.835
A1661,NM_021988,0.568
A1662,NM_021988,0.638
A1663,NM_021988,0.388
A1664,NM_021988,0.829
A1665,NM_021988,0.894
A1666,NM_021988,0.961
A1667,NM_021988,0.631
A1668,NM_021988,0.765
A1669,NM_021988,0.571
A1670,NM_021988,0.705
A1671,NM_021988,0.9
A1672,NM_021988,0.527
A1673,NM_021988,0.95
A1674,NM_021988,0.888
A1675,NM_021988,0.58
A1676,NM_021988,0.92
A1677,NM_021988,0.963
A1678,NM_021988,0.388
A1679,NM_021988,0.73
A1680,NM_021988,0.828
A1681,NM_021988,0.609
A1682,NM_021988,0.888
A1683,NM_021988,0.923
A1684,NM_021988,0.586
A1685,NM_021988,0.861
A1686,NM_021988,0.538
A1687,NM_021988,0.599
A1688,NM_021988,0.523
A1689,NM_021988,0.953
A1690,NM_021988,0.856
A1691,NM_021988,0.845
A1692,NM_021988,0.96
A1693,NM_021988,0.91
A1694,NM_021988,0.887
A1695,NM_021988,0.656
A1696,NM_021988,0.814
A1697,NM_021988,0.95
A1698,NM_021988,0.458
A1699,NM_021988,0.837
A1700,NM_021988,0.96
A1701,NM_021988,0.365
A1702,NM_021988,0.494
A1703,NM_021988,0.43
A1704,NM_021988,0.535
A1705,NM_021988,0.714
A1706,NM_021988,0.78
A1707,NM_021988,0.623
A1708,NM_022005,0.858
A1709,NM_022005,0.954
A1710,NM_022005,0.904
A1711,NM_022005,0.728
A1712,NM_022005,0.953
A1713,NM_022005,0.928
A1714,NM_022005,0.943
A1715,NM_022005,0.859
A1716,NM_022005,0.915
A1717,NM_022005,0.936
A1718,NM_022005,0.706
A1719,NM_022005,0.725
A1720,NM_022005,0.855
A1721,NM_022005,0.435
A1722,NM_022005,0.619
A1723,NM_022005,0.662
A1724,NM_022005,0.725
A1725,NM_022005,0.422
A1726,NM_022005,0.556
A1727,NM_022005,0.86
A1728,NM_022005,0.817
A1729,NM_022005,0.402
A1730,NM_022005,0.467
A1731,NM_022005,0.623
A1732,NM_022005,0.458
A1733,NM_022005,0.765
A1734,NM_022005,0.715
A1735,NM_022005,0.456
A1736,NM_022005,0.677
A1737,NM_022005,0.444
A1738,NM_022005,0.507
A1739,NM_022005,0.812
A1740,NM_022005,0.329
A1741,NM_022005,0.679
A1742,NM_022005,0.857
A1743,NM_022005,0.737
A1744,NM_022005,0.358
A1745,NM_022005,0.93
A1746,NM_022005,0.907
A1747,NM_022005,0.708
A1748,NM_022005,0.598
A1749,NM_022005,0.845
A1750,NM_022005,0.865
A1751,NM_022005,0.802
A1752,NM_022005,0.488
A1753,NM_022005,0.341
A1754,NM_022005,0.373
A1755,NM_022005,0.486
A1756,NM_022005,0.84
A1757,NM_022005,0.79
A1758,NM_022005,0.9
A1759,NM_022005,0.855
A1760,NM_022005,0.943
A1761,NM_022005,0.552
A1762,NM_022005,0.952
A1763,NM_022005,0.854
A1764,NM_022005,0.949
A1765,NM_022005,0.634
A1766,NM_022005,0.767
A1767,NM_022005,0.908
A1768,NM_022005,0.814
A1769,NM_022005,0.875
A1770,NM_022005,0.858
A1771,NM_022005,0.584
A1772,NM_022005,0.579
A1773,NM_022005,0.968
A1774,NM_022005,0.89
A1775,NM_022005,1.042
A1776,NM_022005,0.769
A1777,NM_022005,0.667
A1778,NM_022005,0.542
A1779,NM_022005,0.393
A1780,XM_214061,0.913
A1781,XM_214061,0.703
A1782,XM_214061,0.845
A1783,XM_214061,0.857
A1784,XM_214061,0.468
A1785,XM_214061,0.663
A1786,XM_214061,0.791
A1787,XM_214061,0.741
A1788,XM_214061,0.663
A1789,XM_214061,0.486
A1790,XM_214061,0.763
A1791,XM_214061,0.848
A1792,XM_214061,0.555
A1793,XM_214061,0.543
A1794,XM_214061,0.727
A1795,XM_214061,0.848
A1796,XM_214061,0.498
A1797,XM_214061,0.628
A1798,XM_214061,0.52
A1799,XM_214061,0.422
A1800,XM_214061,0.468
A1801,XM_214061,0.992
A1802,XM_214061,0.98
A1803,XM_214061,1.047
A1804,XM_214061,0.547
A1805,XM_214061,0.776
A1806,XM_214061,0.332
A1807,XM_214061,0.6
A1808,XM_214061,0.448
A1809,XM_214061,0.552
A1810,XM_214061,0.887
A1811,XM_214061,0.659
A1812,XM_214061,0.43
A1813,XM_214061,0.508
A1814,XM_214061,0.268
A1815,XM_214061,0.231
A1816,XM_214061,0.327
A1817,XM_214061,0.668
A1818,XM_214061,0.387
A1819,XM_214061,0.476
A1820,XM_214061,0.503
A1821,XM_214061,0.702
A1822,XM_214061,0.699
A1823,XM_214061,0.7
A1824,XM_214061,0.627
A1825,XM_214061,0.353
A1826,XM_214061,0.896
A1827,XM_214061,1.02
A1828,XM_214061,0.667
A1829,XM_214061,0.654
A1830,XM_214061,0.757
A1831,XM_214061,0.701
A1832,XM_214061,0.722
A1833,XM_214061,0.354
A1834,XM_214061,0.337
A1835,XM_214061,0.322
A1836,XM_214061,0.331
A1837,XM_214061,0.724
A1838,XM_214061,0.819
A1839,XM_214061,0.432
A1840,XM_214061,0.488
A1841,XM_214061,0.693
A1842,XM_214061,0.546
A1843,XM_214061,0.797
A1844,XM_214061,0.696
A1845,XM_214061,0.449
A1846,XM_214061,0.197
A1847,XM_214061,0.14
A1848,XM_214061,0.708
A1849,XM_214061,0.662
A1850,XM_214061,0.514
A1851,XM_214061,0.589
A1852,XM_214061,0.356
A1853,XM_214061,0.748
A1854,XM_214061,0.626
A1855,XM_214061,0.765
A1856,XM_214061,0.826
A1857,XM_214061,0.883
A1858,XM_214061,1.013
A1859,XM_214061,0.854
A1860,XM_214061,0.825
A1861,XM_214061,0.862
A1862,XM_214061,0.826
A1863,XM_214061,0.625
A1864,XM_214061,0.856
A1865,XM_214061,0.88
A1866,XM_214061,0.904
A1867,XM_214061,0.933
A1868,XM_214061,0.704
A1869,XM_214061,0.631
A1870,XM_214061,0.618
A1871,XM_214061,0.824
A1872,XM_214061,0.729
A1873,XM_214061,0.791
A1874,XM_214061,0.686
A1875,XM_214061,0.455
A1876,XM_214061,0.5
A1877,XM_214061,0.815
A1878,XM_214061,0.776
A1879,XM_214061,0.533
A1880,XM_214061,0.685
A1881,XM_214061,0.871
A1882,XM_214061,0.456
A1883,XM_214061,0.958
A1884,XM_214061,0.669
A1885,XM_214061,0.526
A1886,XM_214061,0.867
A1887,XM_214061,0.681
A1888,XM_214061,0.58
A1889,XM_214061,0.993
A1890,XM_214061,0.722
A1891,XM_214061,0.689
A1892,XM_214061,0.875
A1893,XM_214061,1.064
A1894,XM_214061,0.86
A1895,XM_214061,0.858
A1896,XM_214061,0.872
A1897,XM_214061,0.797
A1898,XM_214061,0.884
A1899,XM_214061,0.787
A1900,XM_214061,0.631
A1901,XM_214061,0.239
A1902,XM_214061,0.656
A1903,XM_214061,0.749
A1904,XM_214061,0.609
A1905,XM_214061,0.732
A1906,XM_214061,0.72
A1907,XM_214061,0.915
A1908,XM_214061,0.829
A1909,XM_214061,0.81
A1910,XM_214061,0.553
A1911,XM_214061,0.779
A1912,XM_214061,0.395
A1913,XM_214061,0.353
A1914,XM_214061,0.599
A1915,XM_214061,0.691
A1916,XM_214061,0.764
A1917,XM_214061,0.655
A1918,XM_214061,0.428
A1919,XM_214061,0.676
A1920,XM_214061,0.648
A1921,XM_214061,0.615
A1922,XM_214061,0.948
A1923,XM_214061,0.843
A1924,NM_017346,0.395
A1925,NM_017346,0.753
A1926,NM_017346,0.542
A1927,NM_017346,0.796
A1928,NM_017346,0.524
A1929,NM_017346,0.467
A1930,NM_017346,0.488
A1931,NM_017346,0.549
A1932,NM_017346,0.44
A1933,NM_017346,0.576
A1934,NM_017346,0.707
A1935,NM_017346,0.316
A1936,NM_017346,0.192
A1937,NM_017346,0.49
A1938,NM_017346,0.815
A1939,NM_017346,0.609
A1940,NM_017346,0.5
A1941,NM_017346,0.802
A1942,NM_017346,0.736
A1943,NM_017346,0.561
A1944,NM_017346,0.849
A1945,NM_017346,0.591
A1946,NM_017346,0.348
A1947,NM_017346,0.152
A1948,NM_017346,0.634
A1949,NM_017346,0.712
A1950,NM_017346,0.399
A1951,NM_017346,0.821
A1952,NM_017346,0.462
A1953,NM_017346,0.541
A1954,NM_017346,0.395
A1955,NM_017346,0.164
A1956,NM_017346,0.737
A1957,NM_017346,0.407
A1958,NM_017346,0.94
A1959,NM_017346,0.632
A1960,NM_017346,0.834
A1961,NM_017346,0.909
A1962,NM_017346,0.637
A1963,NM_017346,0.768
A1964,NM_017346,0.77
A1965,NM_017346,0.442
A1966,NM_017346,0.794
A1967,NM_017346,0.577
A1968,NM_017346,0.758
A1969,NM_017346,0.715
A1970,NM_012864,0.987
A1971,NM_012864,1.119
A1972,NM_012864,0.929
A1973,NM_012864,0.925
A1974,NM_012864,0.547
A1975,NM_012864,1.153
A1976,NM_012864,1.144
A1977,NM_012864,1.025
A1978,NM_012864,1.074
A1979,NM_012864,0.552
A1980,NM_012864,1.048
A1981,NM_012864,1.164
A1982,NM_012864,0.996
A1983,NM_012864,0.814
A1984,NM_012864,0.738
A1985,NM_012864,0.876
A1986,NM_012864,0.731
A1987,NM_012864,0.618
A1988,NM_012864,0.633
A1989,NM_012864,0.414
A1990,NM_012864,0.622
A1991,NM_012864,1.048
A1992,NM_012864,0.376
A1993,NM_012864,0.536
A1994,NM_012864,0.337
A1995,NM_012864,0.911
A1996,NM_012864,0.731
A1997,NM_012864,0.704
A1998,NM_012864,0.894
A1999,NM_012864,0.946
A2000,NM_012864,0.698
A2001,NM_012864,0.657
A2002,NM_012864,0.618
A2003,NM_012864,0.811
A2004,NM_012864,0.525
A2005,NM_012864,0.465
A2006,NM_012864,0.326
A2007,NM_012864,0.905
A2008,NM_012864,0.631
A2009,NM_012864,0.419
A2010,NM_012864,0.874
A2011,NM_012864,0.758
A2012,NM_012864,1.017
A2013,NM_012864,1.085
A2014,NM_012864,1.184
A2015,NM_012864,0.721
A2016,NM_012864,0.902
A2017,NM_012864,0.685
A2018,NM_012864,0.361
A2019,NM_012864,0.508
A2020,NM_012864,0.11
A2021,NM_012864,0.326
A2022,NM_012864,0.591
A2023,NM_012864,1.008
A2024,NM_012864,0.537
A2025,NM_012864,0.897
A2026,NM_012864,0.338
A2027,NM_012864,0.545
A2028,NM_012864,0.835
A2029,NM_012864,0.105
A2030,NM_012864,0.85
A2031,NM_012864,0.002
A2032,NM_012864,0.942
A2033,NM_012864,1.018
A2034,NM_012864,0.905
A2035,NM_012864,0.973
A2036,NM_012864,0.268
A2037,NM_012864,1.053
A2038,NM_012864,0.631
A2039,NM_012864,0.755
A2040,NM_012864,0.994
A2041,NM_012864,1.027
A2042,NM_012864,0.959
A2043,NM_012864,0.408
A2044,NM_012864,0.967
A2045,NM_012864,1.095
A2046,NM_012864,0.657
A2047,NM_012864,0.812
A2048,NM_012864,1.05
A2049,NM_012864,1.069
A2050,NM_012864,0.943
A2051,NM_012864,0.729
A2052,NM_012864,1.221
A2053,NM_012864,0.802
A2054,NM_012864,1.194
A2055,NM_012864,1.001
A2056,NM_012864,1.15
A2057,NM_012864,1.04
A2058,NM_012864,0.913
A2059,NM_012864,0.939
A2060,NM_012864,0.856
A2061,NM_012864,0.607
A2062,NM_012864,0.475
A2063,NM_012864,0.94
A2064,NM_012864,0.613
A2065,NM_012864,0.861
A2066,NM_012864,0.975
A2067,NM_012864,1.15
A2068,NM_012864,1.122
A2069,NM_012864,0.887
A2070,NM_012864,0.019
A2071,NM_012864,1.028
A2072,NM_012864,0.538
A2073,NM_012864,0.018
A2074,NM_012864,0.975
A2075,NM_012864,1.037
A2076,NM_012864,0.834
A2077,NM_012864,1.161
A2078,NM_012864,0.83
A2079,NM_012864,0.323
A2080,NM_012864,1.101
A2081,NM_012864,1
A2082,NM_012864,0.223
A2083,NM_012864,0.382
A2084,NM_012864,0.871
A2085,NM_012864,0.457
A2086,NM_012864,0.957
A2087,NM_012864,1.133
A2088,NM_012864,1.08
A2089,NM_012864,1.262
A2090,NM_012864,1.1
A2091,NM_012864,1.308
A2092,NM_012864,1.1
A2093,NM_012864,0.761
A2094,NM_012864,0.744
A2095,NM_012864,1.269
A2096,NM_012864,0.862
A2097,NM_012864,0.796
A2098,NM_012864,0.284
A2099,NM_012864,1.162
A2100,NM_012864,1.316
A2101,NM_012864,1.341
A2102,NM_012864,0.66
A2103,NM_012864,0.756
A2104,NM_012864,1.041
A2105,NM_012864,0.936
A2106,NM_012864,0.468
A2107,NM_012864,0.911
A2108,NM_012864,0.916
A2109,NM_012864,0.797
A2110,NM_012864,0.405
A2111,NM_012864,0.329
A2112,NM_012864,0.944
A2113,NM_012864,0.83
A2114,NM_012864,0.722
A2115,NM_012864,0.642
A2116,NM_012864,0.66
A2117,NM_012864,0.679
A2118,NM_012864,0.936
A2119,NM_012864,0.643
A2120,NM_025237,0.507
A2121,NM_025237,0.538
A2122,NM_025237,0.587
A2123,NM_025237,0.613
A2124,NM_025237,0.626
A2125,NM_025237,0.647
A2126,NM_025237,0.75
A2127,NM_025237,0.618
A2128,NM_025237,0.808
A2129,NM_025237,0.662
A2130,NM_025237,0.688
A2131,NM_025237,0.525
A2132,NM_025237,0.712
A2133,NM_025237,0.413
A2134,NM_025237,0.606
A2135,NM_025237,0.571
A2136,NM_025237,0.26
A2137,NM_025237,0.652
A2138,NM_025237,0.358
A2139,NM_025237,0.629
A2140,NM_025237,0.66
A2141,NM_025237,0.505
A2142,NM_025237,0.518
A2143,NM_025237,0.66
A2144,NM_025237,0.789
A2145,NM_025237,0.645
A2146,NM_025237,0.66
A2147,NM_025237,0.643
A2148,NM_025237,0.646
A2149,NM_025237,0.846
A2150,NM_025237,0.521
A2151,NM_025237,0.53
A2152,NM_025237,0.522
A2153,NM_025237,0.591
A2154,NM_025237,0.505
A2155,NM_025237,0.513
A2156,NM_025237,0.496
A2157,NM_025237,0.505
A2158,NM_025237,0.51
A2159,NM_025237,0.543
A2160,NM_025237,0.647
A2161,NM_025237,0.776
A2162,NM_025237,0.575
A2163,NM_025237,0.594
A2164,NM_025237,0.754
A2165,NM_025237,0.548
A2166,NM_025237,0.668
A2167,NM_025237,0.548
A2168,NM_025237,0.749
A2169,NM_025237,0.758
A2170,NM_025237,0.871
A2171,NM_025237,0.722
A2172,NM_025237,0.643
A2173,NM_025237,0.526
A2174,NM_025237,0.695
A2175,NM_025237,0.788
A2176,NM_025237,0.697
A2177,NM_025237,0.522
A2178,NM_025237,0.833
A2179,NM_025237,0.867
A2180,NM_025237,0.688
A2181,NM_025237,0.444
A2182,NM_025237,0.509
A2183,NM_025237,0.498
A2184,NM_025237,0.687
A2185,NM_025237,0.934
A2186,NM_025237,0.824
A2187,NM_025237,0.487
A2188,NM_025237,0.777
A2189,NM_025237,0.711
A2190,NM_025237,0.528
A2191,NM_025237,0.72
A2192,NM_025237,0.635
A2193,NM_025237,0.607
A2194,NM_025237,0.552
A2195,NM_005450,0.805
A2196,NM_005450,0.701
A2197,NM_005450,0.563
A2198,NM_005450,0.557
A2199,NM_005450,0.661
A2200,NM_005450,0.754
A2201,NM_005450,0.862
A2202,NM_005450,0.791
A2203,NM_005450,0.757
A2204,NM_005450,0.51
A2205,NM_005450,0.847
A2206,NM_005450,0.565
A2207,NM_005450,0.631
A2208,NM_005450,0.464
A2209,NM_005450,0.771
A2210,NM_005450,0.511
A2211,NM_005450,0.591
A2212,NM_005450,0.515
A2213,NM_005450,0.518
A2214,NM_005450,0.852
A2215,NM_005450,0.603
A2216,NM_005450,0.61
A2217,NM_005450,0.51
A2218,NM_005450,0.6
A2219,NM_005450,0.53
A2220,NM_005450,0.476
A2221,NM_005450,0.405
A2222,NM_005450,0.575
A2223,NM_005450,0.833
A2224,NM_005450,0.817
A2225,NM_005450,1.02
A2226,NM_005450,0.977
A2227,NM_005450,0.857
A2228,NM_005450,0.626
A2229,NM_005450,0.83
A2230,NM_005450,0.913
A2231,NM_005450,0.933
A2232,NM_005450,0.411
A2233,NM_005450,0.551
A2234,NM_005450,0.783
A2235,NM_005450,0.967
A2236,NM_005450,0.705
A2237,NM_005450,0.783
A2238,NM_005450,0.552
A2239,NM_005450,0.718
A2240,NM_005450,0.587
A2241,NM_005450,0.646
A2242,NM_005450,0.826
A2243,NM_005450,0.671
A2244,NM_005450,0.788
A2245,NM_005450,0.734
A2246,NM_005450,0.709
A2247,NM_005450,0.741
A2248,NM_005450,0.469
A2249,NM_005450,0.951
A2250,NM_005450,0.891
A2251,NM_005450,0.888
A2252,NM_005450,0.678
A2253,NM_005450,0.793
A2254,NM_005450,1.018
A2255,NM_005450,0.964
A2256,NM_005450,0.817
A2257,NM_005450,0.681
A2258,NM_005450,0.884
A2259,NM_005450,0.72
A2260,NM_005450,0.427
A2261,NM_005450,0.514
A2262,NM_005450,0.602
A2263,NM_005450,0.528
A2264,NM_005450,0.874
A2265,NM_005450,0.822
A2266,NM_007019,0.845
A2267,NM_007019,0.905
A2268,NM_007019,0.78
A2269,NM_007019,0.896
A2270,NM_007019,0.865
A2271,NM_007019,0.761
A2272,NM_007019,0.908
A2273,NM_007019,0.931
A2274,NM_007019,0.663
A2275,NM_007019,0.942
A2276,NM_007019,0.888
A2277,NM_007019,0.861
A2278,NM_007019,0.928
A2279,NM_007019,0.755
A2280,NM_007019,0.786
A2281,NM_007019,0.819
A2282,NM_007019,0.797
A2283,NM_007019,0.454
A2284,NM_007019,0.565
A2285,NM_007019,0.488
A2286,NM_007019,0.321
A2287,NM_007019,0.42
A2288,NM_007019,0.508
A2289,NM_007019,0.555
A2290,NM_007019,0.286
A2291,NM_007019,0.611
A2292,NM_007019,0.633
A2293,NM_007019,0.718
A2294,NM_007019,0.462
A2295,NM_007019,0.742
A2296,NM_007019,0.858
A2297,NM_007019,0.492
A2298,NM_007019,0.757
A2299,NM_007019,0.396
A2300,NM_007019,0.83
A2301,NM_007019,0.116
A2302,NM_007019,0.772
A2303,NM_007019,0.894
A2304,NM_007019,0.531
A2305,NM_007019,0.634
A2306,NM_007019,0.844
A2307,NM_007019,0.51
A2308,NM_007019,0.409
A2309,NM_007019,0.743
A2310,NM_007019,0.467
A2311,NM_007019,0.709
A2312,NM_007019,0.576
A2313,NM_007019,0.937
A2314,NM_007019,0.474
A2315,NM_007019,0.613
A2316,NM_007019,0.878
A2317,NM_007019,0.769
A2318,NM_007019,0.857
A2319,NM_007019,0.677
A2320,NM_007019,0.87
A2321,NM_007019,0.672
A2322,NM_007019,0.69
A2323,NM_007019,0.869
A2324,NM_007019,0.602
A2325,NM_007019,0.913
A2326,NM_007019,0.924
A2327,NM_007019,0.806
A2328,NM_007019,0.758
A2329,NM_007019,0.809
A2330,NM_007019,0.717
A2331,NM_007019,0.464
A2332,NM_007019,0.772
A2333,NM_007019,0.822
A2334,NM_007019,0.881
A2335,NM_007019,0.869
A2336,NM_007019,0.904
A2337,NM_007019,0.975
A2338,NM_007019,0.852
A2339,NM_007019,0.845
A2340,NM_007019,0.807
A2341,NM_007019,0.621
A2342,NM_002559,0.844
A2343,NM_002559,0.677
A2344,NM_002559,0.679
A2345,NM_002559,0.955
A2346,NM_002559,0.941
A2347,NM_002559,0.802
A2348,NM_002559,0.93
A2349,NM_002559,0.949
A2350,NM_002559,0.658
A2351,NM_002559,0.937
A2352,NM_002559,0.706
A2353,NM_002559,0.929
A2354,NM_002559,0.748
A2355,NM_002559,0.914
A2356,NM_002559,0.135
A2357,NM_002559,0.238
A2358,NM_002559,0.718
A2359,NM_002559,0.674
A2360,NM_002559,0.443
A2361,NM_002559,0.969
A2362,NM_002559,1.018
A2363,NM_002559,0.792
A2364,NM_002559,0.989
A2365,NM_002559,0.859
A2366,NM_002559,0.13
A2367,NM_002559,0.431
A2368,NM_002559,0.339
A2369,NM_002559,0.534
A2370,NM_002559,0.612
A2371,NM_002559,0.822
A2372,NM_002559,0.468
A2373,NM_002559,0.747
A2374,NM_002559,0.393
A2375,NM_002559,0.251
A2376,NM_002559,0.649
A2377,NM_002559,0.818
A2378,NM_002559,0.627
A2379,NM_002559,0.771
A2380,NM_002559,0.873
A2381,NM_002559,0.995
A2382,NM_002559,0.829
A2383,NM_002559,0.68
A2384,NM_002559,0.903
A2385,NM_002559,0.802
A2386,NM_002559,0.614
A2387,NM_002559,0.385
A2388,NM_002559,0.371
A2389,NM_002559,0.683
A2390,NM_002559,0.642
A2391,NM_002559,0.86
A2392,NM_002559,0.98
A2393,NM_002559,0.563
A2394,NM_002559,0.771
A2395,NM_002559,0.554
A2396,NM_002559,0.597
A2397,NM_002559,0.373
A2398,NM_002559,0.678
A2399,NM_002559,0.334
A2400,NM_002559,0.372
A2401,NM_002559,0.759
A2402,NM_002559,0.352
A2403,NM_002559,0.399
A2404,NM_002559,0.781
A2405,NM_002559,0.905
A2406,NM_002559,0.334
A2407,NM_002559,0.663
A2408,NM_002559,0.796
A2409,NM_002559,0.888
A2410,NM_002559,0.487
A2411,NM_002559,0.502
A2412,NM_002559,0.419
A2413,NM_002559,0.592
A2414,NM_002559,0.42
A2415,NM_002559,0.723
A2416,NM_002559,0.164
A2417,NM_002559,0.855
A2418,NM_002559,0.541
A2419,NM_002559,0.746
A2420,NM_002559,0.728
A2421,NM_002559,0.702
A2422,NM_002559,0.086
A2423,NM_002559,0.5
A2424,NM_002559,0.892
A2425,NM_002559,0.873
A2426,NM_002559,0.162
A2427,NM_002559,0.894
A2428,NM_002559,0.723
A2429,NM_002559,0.918
A2430,NM_002559,0.62
A2431,NM_002559,0.607
B1,AH001498,0.83
B2,AH001498,0.45
B3,AH001498,0.8
B4,AH001498,0.88
B5,AH001498,0.98
B6,AH001498,0.84
B7,AH001498,0.82
B8,AH001498,0.95
B9,AH001498,0.95
B10,AH001498,0.96
B11,AH001498,0.9
B12,AH001498,0.96
B13,AH001498,0.67
B14,AH001498,0.87
B15,AH001498,0.96
B16,AH001498,0.93
B17,AH001498,0.91
B18,AH001498,0.98
B19,AH001498,0.95
B20,AH001498,0.96
B21,AH001498,0.96
B22,AH001498,0.96
B23,AH001498,0.98
B24,AH001498,0.81
B25,AH001498,0.95
B26,AH001498,0.97
B28,AH001498,0.81
B29,AH001498,0.96
B30,AH001498,0.92
B31,AH001498,0.79
B32,AH001498,0.98
B35,AH001498,0.86
B36,AH001498,0.97
B38,AH001498,0.74
B39,AH001498,0.92
B40,AH001498,0.83
B41,AH001498,0.71
B42,AH001498,0.96
B43,AH001498,0.52
B44,AH001498,0.98
B45,U47298,0.858
B46,U47298,0.949
B47,U47298,0.111
B48,U47298,0.076
B49,U47298,0.059
B50,U47298,0.23
B51,U47298,0.538
B52,U47298,0.932
B53,U47298,0.234
B54,U47298,0.166
B55,U47298,0.354
B56,U47298,0.931
B57,U47298,0.197
B58,U47298,0.919
B59,U47298,0.373
B60,U47298,0.949
B61,U47298,0.3
B62,U47298,0.975
B63,U47298,0.735
B64,U47298,0.699
B65,U47298,0.945
B66,U47298,0.963
B67,U47298,0.933
B68,U47298,0.989
B69,U47298,0.989
B70,U47298,0.865
B71,U47298,0.878
B72,U47298,0.107
B73,U47298,0.529
B74,U47298,0.936
B75,U47298,0.945
B76,U47298,0.968
B77,U47298,0.974
B78,U47298,0.956
B79,U47298,0.145
B80,U47298,0.423
B81,U47298,0.513
B82,NM_001632,0.81
B83,NM_001632,0.49
B84,NM_001632,0.88
B86,NM_001632,0.3
B87,NM_001632,0.85
B88,NM_001632,0.2
B90,NM_001632,0.6
B91,NM_001632,0.32
B92,U47298,0.96
B93,U47298,0.959
B94,U47298,0.959
B95,U47298,0.955
B96,U47298,0.953
B97,U47298,0.951
B98,U47298,0.95
B99,U47298,0.949
B100,U47298,0.947
B101,U47298,0.946
B102,U47298,0.943
B103,U47298,0.936
B104,U47298,0.936
B105,U47298,0.932
B106,U47298,0.931
B107,U47298,0.931
B108,U47298,0.929
B109,U47298,0.927
B110,U47298,0.926
B111,U47298,0.923
B112,U47298,0.917
B113,U47298,0.913
B114,U47298,0.912
B115,U47298,0.908
B116,U47298,0.902
B117,U47298,0.901
B118,U47298,0.901
B119,U47298,0.897
B120,U47298,0.893
B121,U47298,0.892
B122,U47298,0.888
B123,U47298,0.885
B124,U47298,0.885
B125,U47298,0.884
B126,U47298,0.876
B127,U47298,0.876
B128,U47298,0.875
B129,U47298,0.871
B130,U47298,0.868
B131,U47298,0.868
B132,U47298,0.855
B133,U47298,0.841
B134,U47298,0.828
B135,U47298,0.825
B136,U47298,0.807
B137,U47298,0.804
B138,U47298,0.795
B139,U47298,0.786
B140,U47298,0.782
B141,U47298,0.778
B142,U47298,0.766
B143,U47298,0.748
B144,U47298,0.739
B145,U47298,0.738
B146,U47298,0.711
B147,U47298,0.703
B148,U47298,0.681
B149,U47298,0.67
B150,U47298,0.661
B151,U47298,0.643
B152,U47298,0.633
B153,U47298,0.61
B154,U47298,0.588
B155,U47298,0.522
B156,U47298,0.476
B157,U47298,0.474
B158,U47298,0.472
B159,U47298,0.449
B160,U47298,0.442
B161,U47298,0.438
B162,U47298,0.392
B163,U47298,0.388
B164,U47298,0.387
B165,U47298,0.359
B166,U47298,0.326
B167,U47298,0.321
B168,U47298,0.299
B169,U47298,0.249
B170,U47298,0.203
B171,U47298,0.184
B172,U47298,0.138
B179,M60857,0.946
B180,M60857,0.942
B181,M60857,0.939
B182,M60857,0.934
B183,M60857,0.933
B184,M60857,0.928
B185,M60857,0.927
B186,M60857,0.927
B187,M60857,0.923
B188,M60857,0.923
B189,M60857,0.919
B190,M60857,0.908
B191,M60857,0.902
B192,M60857,0.897
B193,M60857,0.89
B194,M60857,0.89
B195,M60857,0.888
B196,M60857,0.887
B197,M60857,0.884
B198,M60857,0.881
B199,M60857,0.879
B200,M60857,0.876
B201,M60857,0.874
B202,M60857,0.874
B203,M60857,0.867
B204,M60857,0.865
B205,M60857,0.864
B206,M60857,0.851
B207,M60857,0.849
B208,M60857,0.849
B209,M60857,0.847
B210,M60857,0.839
B211,M60857,0.839
B212,M60857,0.838
B213,M60857,0.835
B214,M60857,0.829
B215,M60857,0.819
B216,M60857,0.813
B217,M60857,0.809
B218,M60857,0.804
B219,M60857,0.802
B220,M60857,0.785
B221,M60857,0.774
B222,M60857,0.772
B223,M60857,0.766
B224,M60857,0.761
B225,M60857,0.758
B226,M60857,0.753
B227,M60857,0.745
B228,M60857,0.744
B229,M60857,0.738
B230,M60857,0.731
B231,M60857,0.717
B232,M60857,0.712
B233,M60857,0.705
B234,M60857,0.692
B235,M60857,0.68
B236,M60857,0.678
B237,M60857,0.664
B238,M60857,0.641
B239,M60857,0.639
B240,M60857,0.603
B241,M60857,0.589
B242,M60857,0.584
B243,M60857,0.559
B244,M60857,0.55
B245,M60857,0.52
B246,M60857,0.512
B247,M60857,0.507
B248,M60857,0.495
B249,M60857,0.485
B250,M60857,0.468
B251,M60857,0.459
B252,M60857,0.454
B253,M60857,0.419
B254,M60857,0.418
B255,M60857,0.417
B256,M60857,0.397
B257,M60857,0.328
B258,M60857,0.307
B259,M60857,0.214
B260,M60857,0.181
B261,M60857,0.176
B262,M60857,0.163
B263,M60857,0.16
B264,M60857,0.138
B265,M60857,0.076
B266,M60857,0.073
B267,M60857,0.028
B281,NM_031313,0.908
B282,NM_031313,0.018
B283,NM_031313,0.212
B284,NM_031313,0.802
B285,NM_031313,0.06
B286,NM_031313,0.165
B287,NM_031313,0.624
B288,U47296,0.977
B289,U47296,0.555
B290,U47296,0.386
B291,U47296,0.416
B292,U47296,0.099
B293,U47296,0.897
B294,U47296,0.347
B295,U47296,0.919
B296,U47296,0.919
B297,NM_020548,0.049
B299,NM_020548,0.06
B302,NM_020548,0.507
B303,NM_020548,0.337
B304,NM_020548,0.718
B305,NM_020548,0.68
B306,X75932,0.306
B307,X75932,0.439
B308,X75932,0.526
B309,X75932,0.58
B310,X75932,0.584
B311,X75932,0.571
B312,X75932,0.685
B313,X75932,0.55
B314,X75932,0.822
B315,X75932,0.725
B317,NM_002046,0.698
B318,NM_002046,0.127
B319,NM_002046,0.605
B320,NM_002046,0.942
B321,NM_002046,0.708
B322,NM_002046,0.386
B324,NM_002046,0.43
B326,NM_002046,0.887
B327,NM_002046,0.939
B328,NM_002046,0.803
B329,NM_002046,0.927
B330,NM_002046,0.925
B331,NM_002046,0.924
B332,NM_002046,0.776
B333,NM_002046,0.583
B334,NM_002046,0.942
B335,NM_002046,0.915
B336,U92436,0
B337,U92436,0
B338,U92436,0.4
B339,U92436,0.25
B340,U92436,0.62
B341,U92436,0.2
B342,U92436,0.32
B343,U92436,0.58
B344,U92436,0.52
B345,U92436,0.31
B346,U92436,0.27
B347,U92436,0.48
B348,U92436,0.49
B349,U92436,0.65
B350,U92436,0.73
B351,U92436,0.75
B352,U92436,0.75
B353,U92436,0.73
B354,U92436,0.09
B355,U92436,0.3
B356,U92436,0.7
B357,U92436,0
B358,U92436,0.44
B359,U92436,0.15
B360,U92436,0.58
B361,U92436,0.4
B362,U92436,0.45
B363,U92436,0.38
B364,U92436,0.25
B365,U92436,0.32
B366,U92436,0.3
B367,U92436,0.06
B368,U92436,0.37
B369,U92436,0.39
B370,U92436,0.3
B371,U92436,0.4
B372,J03132,0
B373,J03132,0.01
B375,J03132,0.07
B376,J03132,0.18
B378,J03132,0.45
B379,J03132,0.1
B380,J03132,0.21
B381,J03132,0.3
B383,J03132,0.1
B384,J03132,0.58
B385,J03132,0.4
B386,J03132,0.05
B387,J03132,0.35
B388,J03132,0.59
B389,J03132,0.01
B390,J03132,0.2
B391,J03132,0.52
B392,J03132,0.21
B393,J03132,0.62
B394,J03132,0.75
B395,J03132,0.5
B396,J03132,0.58
B397,J03132,0.43
B398,J03132,0.63
B399,J03132,0.29
B400,J03132,0.24
B401,J03132,0.4
B402,J03132,0.07
B403,J03132,0
B404,J03132,0.28
B405,J03132,0.34
B406,J03132,0.33
B407,J03132,0.05
B408,J03132,0.07
B409,J03132,0.45
B410,J03132,0.41
B411,J03132,0.48
B412,U47298,0.93
B413,U47298,0.608
B414,U47298,0.911
B415,U47298,0.921
B416,NM_001632,0.547
B417,NM_001632,0.565
B418,NM_001632,0.79
B419,NM_001632,0.74
